Ticker,Setor,Empresa,RazaoSocial
AALR3,Serv.Méd.Hospit. Análises e Diagnósticos,ALLIAR,ALLIANÇA SAÚDE E PARTICIPAÇÕES S.A.
ABCB4,Intermediários Financeiros,ABC BRASIL,BCO ABC BRASIL S.A.
ABEV3,Bebidas,AMBEV S/A,AMBEV S.A.
AERI3,Máquinas e Equipamentos,AERIS,AERIS IND. E COM. DE EQUIP. GERACAO DE ENERGIA S/A
AGRO3,Agropecuária,BRASILAGRO,BRASILAGRO - CIA BRAS DE PROP AGRICOLAS
AGXY3,Agropecuária,AGROGALAXY,AGROGALAXY PARTICIPAÇÕES S.A.
ALLD3,Comércio,ALLIED,ALLIED TECNOLOGIA S.A.
ALOS3,Exploração de Imóveis,ALLOS,ALLOS S.A
ALPA3,"Tecidos, Vestuário e Calçados",ALPARGATAS,ALPARGATAS S.A.
ALPA4,"Tecidos, Vestuário e Calçados",ALPARGATAS,ALPARGATAS S.A.
ALPK3,Serviços Diversos,ESTAPAR,ALLPARK EMPREENDIMENTOS PARTICIPACOES SERVICOS S.A
ALUP11,Energia Elétrica,ALUPAR,ALUPAR INVESTIMENTO S/A
ALUP3,Energia Elétrica,ALUPAR,ALUPAR INVESTIMENTO S/A
ALUP4,Energia Elétrica,ALUPAR,ALUPAR INVESTIMENTO S/A
AMAR3,Comércio,LOJAS MARISA,MARISA LOJAS S.A.
AMBP3,Água e Saneamento,AMBIPAR,AMBIPAR PARTICIPACOES E EMPREENDIMENTOS S/A
AMER3,Comércio,AMERICANAS,AMERICANAS S.A
AMOB3,Automóveis e Motocicletas,AUTOMOB,AUTOMOB PARTICIPAÇÕES S.A.
ANIM3,Diversos,ANIMA,ANIMA HOLDING S.A.
ARML3,Diversos,ARMAC,"ARMAC LOCAÇÃO, LOGÍSTICA E SERVIÇOS S.A."
ASAI3,Comércio e Distribuição,ASSAI,SENDAS DISTRIBUIDORA S.A.
ATED3,Diversos,ATOM EDUC,ATOM EDUCAÇÃO E EDITORA S.A.
AUAU3,Comércio,PETZCOBASI,UNIÃO PET PARTICIPAÇÕES S.A.
AURE3,Energia Elétrica,AUREN,AUREN ENERGIA S.A.
AVLL3,Construção Civil,ALPHAVILLE,ALPHAVILLE S.A.
AXIA3,Energia Elétrica,AXIA ENERGIA,AXIA ENERGIA S.A.
AXIA6,Energia Elétrica,AXIA ENERGIA,AXIA ENERGIA S.A.
AZEV3,Construção e Engenharia,AZEVEDO,AZEVEDO E TRAVASSOS S.A.
AZEV4,Construção e Engenharia,AZEVEDO,AZEVEDO E TRAVASSOS S.A.
AZTE3,"Petróleo, Gás e Biocombustíveis",AZT ENERGIA,AZEVEDO & TRAVASSOS ENERGIA S.A.
AZUL3,Transporte,AZUL,AZUL S.A.
AZZA3,Comércio,AZZAS 2154,AZZAS 2154 S.A.
BALM3,Equipamentos,BAUMER,BAUMER S.A.
BALM4,Equipamentos,BAUMER,BAUMER S.A.
BAUH4,Alimentos Processados,EXCELSIOR,EXCELSIOR ALIMENTOS S.A.
BAZA3,Intermediários Financeiros,AMAZONIA,BCO AMAZONIA S.A.
BBAS3,Intermediários Financeiros,BRASIL,BCO BRASIL S.A.
BBDC3,Intermediários Financeiros,BRADESCO,BCO BRADESCO S.A.
BBDC4,Intermediários Financeiros,BRADESCO,BCO BRADESCO S.A.
BBSE3,Previdência e Seguros,BBSEGURIDADE,BB SEGURIDADE PARTICIPAÇÕES S.A.
BDLL3,Máquinas e Equipamentos,BARDELLA,BARDELLA S.A. INDUSTRIAS MECANICAS
BDLL4,Máquinas e Equipamentos,BARDELLA,BARDELLA S.A. INDUSTRIAS MECANICAS
BEEF3,Alimentos Processados,MINERVA,MINERVA S.A.
BEES3,Intermediários Financeiros,BANESTES,BANESTES S.A. - BCO EST ESPIRITO SANTO
BEES4,Intermediários Financeiros,BANESTES,BANESTES S.A. - BCO EST ESPIRITO SANTO
BGIP4,Intermediários Financeiros,BANESE,BCO ESTADO DE SERGIPE S.A. - BANESE
BHIA3,Comércio,CASAS BAHIA,GRUPO CASAS BAHIA S.A.
BIOM3,Medicamentos e Outros Produtos,BIOMM,BIOMM S.A.
BLAU3,Comércio e Distribuição,BLAU,BLAU FARMACÊUTICA S.A.
BMEB3,Intermediários Financeiros,MERCANTIL,BCO MERCANTIL DO BRASIL S.A.
BMEB4,Intermediários Financeiros,MERCANTIL,BCO MERCANTIL DO BRASIL S.A.
BMGB4,Intermediários Financeiros,BANCO BMG,BANCO BMG S.A.
BMIN4,Intermediários Financeiros,MERC INVEST,BCO MERCANTIL DE INVESTIMENTOS S.A.
BMKS3,Viagens e Lazer,BIC MONARK,BICICLETAS MONARK S.A.
BMOB3,Programas e Serviços,BEMOBI TECH,BEMOBI MOBILE TECH S.A.
BNBR3,Intermediários Financeiros,NORD BRASIL,BCO NORDESTE DO BRASIL S.A.
BOBR4,Produtos de Uso Pessoal e de Limpeza,BOMBRIL,BOMBRIL S.A.
BPAC11,Intermediários Financeiros,BTGP BANCO,BCO BTG PACTUAL S.A.
BPAC3,Intermediários Financeiros,BTGP BANCO,BCO BTG PACTUAL S.A.
BPAC5,Intermediários Financeiros,BTGP BANCO,BCO BTG PACTUAL S.A.
BRAP3,Mineração,BRADESPAR,BRADESPAR S.A.
BRAP4,Mineração,BRADESPAR,BRADESPAR S.A.
BRAV3,"Petróleo, Gás e Biocombustíveis",BRAVA,BRAVA ENERGIA S.A.
BRBI11,Intermediários Financeiros,BR PARTNERS,BRBI BR PARTNERS S.A.
BRKM3,Químicos,BRASKEM,BRASKEM S.A.
BRKM5,Químicos,BRASKEM,BRASKEM S.A.
BRSR3,Intermediários Financeiros,BANRISUL,BCO ESTADO DO RIO GRANDE DO SUL S.A.
BRSR6,Intermediários Financeiros,BANRISUL,BCO ESTADO DO RIO GRANDE DO SUL S.A.
BRST3,Telecomunicações,BRISANET,BRISANET SERVIÇOS DE TELECOMUNICAÇÕES S.A.
BSLI3,Intermediários Financeiros,BRB BANCO,BRB BCO DE BRASILIA S.A.
BSLI4,Intermediários Financeiros,BRB BANCO,BRB BCO DE BRASILIA S.A.
CAMB3,"Tecidos, Vestuário e Calçados",CAMBUCI,CAMBUCI S.A.
CAML3,Alimentos Processados,CAMIL,CAMIL ALIMENTOS S.A.
CASH3,Programas e Serviços,MELIUZ,MÉLIUZ S.A.
CBAV3,Mineração,CBA,COMPANHIA BRASILEIRA DE ALUMÍNIO
CBEE3,Energia Elétrica,AMPLA ENERG,AMPLA ENERGIA E SERVICOS S.A.
CEAB3,Comércio,CEA MODAS,CEA MODAS S.A.
CEBR3,Energia Elétrica,CEB,CIA ENERGETICA DE BRASILIA
CEBR5,Energia Elétrica,CEB,CIA ENERGETICA DE BRASILIA
CEBR6,Energia Elétrica,CEB,CIA ENERGETICA DE BRASILIA
CEDO4,"Tecidos, Vestuário e Calçados",CEDRO,CIA FIACAO TECIDOS CEDRO CACHOEIRA
CEEB3,Energia Elétrica,COELBA,CIA ELETRICIDADE EST. DA BAHIA - COELBA
CGAS3,Gás,COMGAS,CIA GAS DE SAO PAULO - COMGAS
CGAS5,Gás,COMGAS,CIA GAS DE SAO PAULO - COMGAS
CGRA3,Comércio,GRAZZIOTIN,GRAZZIOTIN S.A.
CGRA4,Comércio,GRAZZIOTIN,GRAZZIOTIN S.A.
CLSC3,Energia Elétrica,CELESC,CENTRAIS ELET DE SANTA CATARINA S.A.
CLSC4,Energia Elétrica,CELESC,CENTRAIS ELET DE SANTA CATARINA S.A.
CMIG3,Energia Elétrica,CEMIG,CIA ENERGETICA DE MINAS GERAIS - CEMIG
CMIG4,Energia Elétrica,CEMIG,CIA ENERGETICA DE MINAS GERAIS - CEMIG
CMIN3,Mineração,CSNMINERACAO,CSN MINERAÇÃO S.A.
COCE5,Energia Elétrica,COELCE,CIA ENERGETICA DO CEARA - COELCE
COGN3,Diversos,COGNA ON,COGNA EDUCAÇÃO S.A.
CPFE3,Energia Elétrica,CPFL ENERGIA,CPFL ENERGIA S.A.
CPLE3,Energia Elétrica,COPEL,CIA PARANAENSE DE ENERGIA - COPEL
CRPG5,Químicos,CRISTAL,TRONOX PIGMENTOS DO BRASIL S.A.
CSAN3,"Petróleo, Gás e Biocombustíveis",COSAN,COSAN S.A.
CSED3,Diversos,CRUZEIRO EDU,CRUZEIRO DO SUL EDUCACIONAL S.A.
CSMG3,Água e Saneamento,COPASA,CIA SANEAMENTO DE MINAS GERAIS-COPASA MG
CSNA3,Siderurgia e Metalurgia,SID NACIONAL,CIA SIDERURGICA NACIONAL
CSUD3,Serviços Diversos,CSU DIGITAL,CSU DIGITAL S.A.
CTAX3,Serviços Diversos,CONTAX,CONTAX PARTICIPAÇÕES S.A
CTKA4,"Tecidos, Vestuário e Calçados",KARSTEN,KARSTEN S.A.
CURY3,Construção Civil,CURY S/A,CURY CONSTRUTORA E INCORPORADORA S.A.
CVCB3,Viagens e Lazer,CVC BRASIL,CVC BRASIL OPERADORA E AGÊNCIA DE VIAGENS S.A.
CXSE3,Previdência e Seguros,CAIXA SEGURI,CAIXA SEGURIDADE PARTICIPAÇÕES S.A.
CYRE3,Construção Civil,CYRELA REALT,CYRELA BRAZIL REALTY S.A.EMPREEND E PART
CYRE4,Construção Civil,CYRELA REALT,CYRELA BRAZIL REALTY S.A.EMPREEND E PART
DASA3,Serv.Méd.Hospit. Análises e Diagnósticos,DASA,DIAGNOSTICOS DA AMERICA S.A.
DESK3,Telecomunicações,DESKTOP,DESKTOP S.A.
DEXP3,Químicos,DEXXOS PAR,DEXXOS PARTICIPACOES S.A.
DEXP4,Químicos,DEXXOS PAR,DEXXOS PARTICIPACOES S.A.
DIRR3,Construção Civil,DIRECIONAL,DIRECIONAL ENGENHARIA S.A.
DMVF3,Comércio e Distribuição,D1000VFARMA,D1000 VAREJO FARMA PARTICIPAÇÕES S.A.
DOHL4,"Tecidos, Vestuário e Calçados",DOHLER,DOHLER S.A.
DOTZ3,Diversos,DOTZ SA,DOTZ S.A.
DXCO3,Madeira e Papel,DEXCO,DEXCO S.A.
EALT3,Máquinas e Equipamentos,ACO ALTONA,ELECTRO ACO ALTONA S.A.
EALT4,Máquinas e Equipamentos,ACO ALTONA,ELECTRO ACO ALTONA S.A.
ECOR3,Transporte,ECORODOVIAS,ECORODOVIAS INFRAESTRUTURA E LOGÍSTICA S.A.
EGIE3,Energia Elétrica,ENGIE BRASIL,ENGIE BRASIL ENERGIA S.A.
EMAE4,Energia Elétrica,EMAE,EMAE - EMPRESA METROP.AGUAS ENERGIA S.A.
EMBJ3,Material de Transporte,EMBRAER,EMBRAER S.A.
ENEV3,Energia Elétrica,ENEVA,ENEVA S.A
ENGI11,Energia Elétrica,ENERGISA,ENERGISA S.A.
ENGI3,Energia Elétrica,ENERGISA,ENERGISA S.A.
ENGI4,Energia Elétrica,ENERGISA,ENERGISA S.A.
ENJU3,Programas e Serviços,ENJOEI,ENJOEI S.A.
ENMT3,Energia Elétrica,ENERGISA MT,ENERGISA MATO GROSSO-DISTRIBUIDORA DE ENERGIA S/A
ENMT4,Energia Elétrica,ENERGISA MT,ENERGISA MATO GROSSO-DISTRIBUIDORA DE ENERGIA S/A
EPAR3,Comércio,EMBPAR S/A,EMBPAR PARTICIPACOES S.A.
EQPA3,Energia Elétrica,EQTL PARA,EQUATORIAL PARA DISTRIBUIDORA DE ENERGIA S.A.
EQTL3,Energia Elétrica,EQUATORIAL,EQUATORIAL S.A.
ESPA3,Comércio,ESPACOLASER,MPM CORPÓREOS S.A.
ESTR4,Viagens e Lazer,ESTRELA,MANUFATURA DE BRINQUEDOS ESTRELA S.A.
ETER3,Construção e Engenharia,ETERNIT,ETERNIT S.A.
EUCA3,Madeira e Papel,EUCATEX,EUCATEX S.A. INDUSTRIA E COMERCIO
EUCA4,Madeira e Papel,EUCATEX,EUCATEX S.A. INDUSTRIA E COMERCIO
EVEN3,Construção Civil,EVEN,EVEN CONSTRUTORA E INCORPORADORA S.A.
EZTC3,Construção Civil,EZTEC,EZ TEC EMPREEND. E PARTICIPACOES S.A.
FESA4,Siderurgia e Metalurgia,FERBASA,CIA FERRO LIGAS DA BAHIA - FERBASA
FHER3,Químicos,FER HERINGER,FERTILIZANTES HERINGER S.A.
FICT3,Alimentos Processados,FICTORALIMEN,Fictor Alimentos S.A.
FIQE3,Telecomunicações,UNIFIQUE,UNIFIQUE TELECOMUNICAÇÕES S.A.
FLRY3,Serv.Méd.Hospit. Análises e Diagnósticos,FLEURY,FLEURY S.A.
FRAS3,Material de Transporte,FRAS-LE,FRASLE MOBILITY S.A.
GFSA3,Construção Civil,GAFISA,GAFISA S.A.
GGBR3,Siderurgia e Metalurgia,GERDAU,GERDAU S.A.
GGBR4,Siderurgia e Metalurgia,GERDAU,GERDAU S.A.
GGPS3,Serviços Diversos,GPS,GPS PARTICIPACOES E EMPREENDIMENTOS S.A.
GMAT3,Comércio e Distribuição,GRUPO MATEUS,GRUPO MATEUS S.A.
GOAU3,Siderurgia e Metalurgia,GERDAU MET,METALURGICA GERDAU S.A.
GOAU4,Siderurgia e Metalurgia,GERDAU MET,METALURGICA GERDAU S.A.
GRND3,"Tecidos, Vestuário e Calçados",GRENDENE,GRENDENE S.A.
HAGA3,Construção e Engenharia,HAGA S/A,HAGA S.A. INDUSTRIA E COMERCIO
HAGA4,Construção e Engenharia,HAGA S/A,HAGA S.A. INDUSTRIA E COMERCIO
HAPV3,Serv.Méd.Hospit. Análises e Diagnósticos,HAPVIDA,HAPVIDA PARTICIPACOES E INVESTIMENTOS SA
HBOR3,Construção Civil,HELBOR,HELBOR EMPREENDIMENTOS S.A.
HBRE3,Exploração de Imóveis,HBR REALTY,HBR REALTY EMPREENDIMENTOS IMOBILIARIOS S/A
HBSA3,Transporte,HIDROVIAS,HIDROVIAS DO BRASIL S.A.
HYPE3,Comércio e Distribuição,HYPERA,HYPERA S.A.
IFCM3,Programas e Serviços,INFRACOMM,INFRACOMMERCE CXAAS S.A.
IGTI11,Exploração de Imóveis,IGUATEMI S.A,IGUATEMI S.A.
IGTI3,Exploração de Imóveis,IGUATEMI S.A,IGUATEMI S.A.
INEP3,Máquinas e Equipamentos,INEPAR,INEPAR S.A. INDUSTRIA E CONSTRUCOES
INEP4,Máquinas e Equipamentos,INEPAR,INEPAR S.A. INDUSTRIA E CONSTRUCOES
INTB3,Computadores e Equipamentos,INTELBRAS,INTELBRAS S.A. IND DE TELEC ELETRONICA BRASILEIRA
IRBR3,Previdência e Seguros,IRBBRASIL RE,IRB - BRASIL RESSEGUROS S.A.
ISAE3,Energia Elétrica,ISA ENERGIA,ISA ENERGIA BRASIL S.A
ISAE4,Energia Elétrica,ISA ENERGIA,ISA ENERGIA BRASIL S.A
ITSA3,Intermediários Financeiros,ITAUSA,ITAUSA S.A.
ITSA4,Intermediários Financeiros,ITAUSA,ITAUSA S.A.
ITUB3,Intermediários Financeiros,ITAUUNIBANCO,ITAU UNIBANCO HOLDING S.A.
ITUB4,Intermediários Financeiros,ITAUUNIBANCO,ITAU UNIBANCO HOLDING S.A.
JALL3,Alimentos Processados,JALLESMACHAD,JALLES MACHADO S.A.
JFEN3,Construção Civil,JOAO FORTES,JOAO FORTES ENGENHARIA S.A.
JHSF3,Construção Civil,JHSF PART,JHSF PARTICIPACOES S.A.
JSLG3,Transporte,JSL,JSL S.A.
KEPL3,Máquinas e Equipamentos,KEPLER WEBER,KEPLER WEBER S.A.
KLBN11,Madeira e Papel,KLABIN S/A,KLABIN S.A.
KLBN3,Madeira e Papel,KLABIN S/A,KLABIN S.A.
KLBN4,Madeira e Papel,KLABIN S/A,KLABIN S.A.
LAND3,Agropecuária,TERRASANTAPA,TERRA SANTA PROPRIEDADES AGRICOLAS S.A.
LAVV3,Construção Civil,LAVVI,LAVVI EMPREENDIMENTOS IMOBILIÁRIOS S.A.
LEVE3,Automóveis e Motocicletas,METAL LEVE,MAHLE-METAL LEVE S.A.
LIGT3,Energia Elétrica,LIGHT S/A,LIGHT S.A.
LJQQ3,Comércio,QUERO-QUERO,LOJAS QUERO-QUERO S/A
LOGG3,Exploração de Imóveis,LOG COM PROP,LOG COMMERCIAL PROPERTIES
LOGN3,Transporte,LOG-IN,LOG-IN LOGISTICA INTERMODAL S.A.
LPSB3,Exploração de Imóveis,LOPES BRASIL,LPS BRASIL - CONSULTORIA DE IMOVEIS S.A.
LREN3,Comércio,LOJAS RENNER,LOJAS RENNER S.A.
LUPA3,"Petróleo, Gás e Biocombustíveis",LUPATECH,LUPATECH S.A.
LUXM4,Transporte,TREVISA,TREVISA INVESTIMENTOS S.A.
LWSA3,Programas e Serviços,LWSA,LWSA S.A.
MATD3,Serv.Méd.Hospit. Análises e Diagnósticos,MATER DEI,HOSPITAL MATER DEI S/A
MBRF3,Alimentos Processados,MARFRIG,MARFRIG GLOBAL FOODS S.A.
MDIA3,Alimentos Processados,M.DIASBRANCO,M.DIAS BRANCO S.A. IND COM DE ALIMENTOS
MDNE3,Construção Civil,MOURA DUBEUX,MOURA DUBEUX ENGENHARIA S/A
MEAL3,Hoteis e Restaurantes,IMC S/A,INTERNATIONAL MEAL COMPANY ALIMENTACAO S.A.
MELK3,Construção Civil,MELNICK,MELNICK DESENVOLVIMENTO IMOBILIÁRIO S.A.
MGEL4,Siderurgia e Metalurgia,MANGELS INDL,MANGELS INDUSTRIAL S.A.
MGLU3,Comércio,MAGAZ LUIZA,MAGAZINE LUIZA S.A.
MILS3,Diversos,MILLS,"MILLS LOCAÇÃO, SERVIÇOS E LOGÍSTICA S.A"
MLAS3,Computadores e Equipamentos,MULTILASER,GRUPO MULTI S.A.
MNDL3,"Tecidos, Vestuário e Calçados",MUNDIAL,MUNDIAL S.A. - PRODUTOS DE CONSUMO
MNPR3,Alimentos Processados,MINUPAR,MINUPAR PARTICIPACOES S.A.
MOTV3,Transporte,MOTIVA SA,MOTIVA INFRAESTRUTURA DE MOBILIDADE S.A.
MOVI3,Diversos,MOVIDA,MOVIDA PARTICIPACOES SA
MRVE3,Construção Civil,MRV,MRV ENGENHARIA E PARTICIPACOES S.A.
MTRE3,Construção Civil,MITRE REALTY,MITRE REALTY EMPREENDIMENTOS E PARTICIPAÇÕES S.A.
MTSA4,Máquinas e Equipamentos,METISA,METISA METALURGICA TIMBOENSE S.A.
MULT3,Exploração de Imóveis,MULTIPLAN,MULTIPLAN - EMPREEND IMOBILIARIOS S.A.
MYPK3,Automóveis e Motocicletas,IOCHP-MAXION,IOCHPE MAXION S.A.
NATU3,Produtos de Uso Pessoal e de Limpeza,NATURA,NATURA COSMETICOS S.A.
NGRD3,Programas e Serviços,Neogrid Participações,NEOGRID PARTICIPAÇÕES S.A.
NUTR3,Químicos,NUTRIPLANT,NUTRIPLANT INDUSTRIA E COMERCIO S.A.
OBTC3,Diversos,ORANJEBTC,ORANJEBTC S.A. - EDUCAÇÃO E INVESTIMENTO
OFSA3,Medicamentos e Outros Produtos,OUROFINO S/A,OUROFINO S.A.
OIBR3,Telecomunicações,Oi,Oi S.A.
OIBR4,Telecomunicações,Oi,Oi S.A.
ONCO3,Serv.Méd.Hospit. Análises e Diagnósticos,ONCOCLINICAS,ONCOCLINICAS DO BRASIL SERVICOS MEDICOS  S.A.
OPCT3,"Petróleo, Gás e Biocombustíveis",OCEANPACT,OCEANPACT SERVICOS MARITIMOS S.A.
ORVR3,Água e Saneamento,ORIZON,ORIZON VALORIZACAO DE RESIDUOS S.A.
OSXB3,"Petróleo, Gás e Biocombustíveis",OSX BRASIL,OSX BRASIL S.A.
PASS3,Gás,COMPASS,COMPASS GAS E ENERGIA S.A.
PATI3,Siderurgia e Metalurgia,PANATLANTICA,PANATLANTICA S.A.
PCAR3,Comércio e Distribuição,P.ACUCAR-CBD,CIA BRASILEIRA DE DISTRIBUICAO
PDGR3,Construção Civil,PDG REALT,PDG REALTY S.A. EMPREEND E PARTICIPACOES
PDTC3,Serviços Financeiros Diversos,PADTEC,PADTEC HOLDING S.A.
PETR3,"Petróleo, Gás e Biocombustíveis",PETROBRAS,PETROLEO BRASILEIRO S.A. PETROBRAS
PETR4,"Petróleo, Gás e Biocombustíveis",PETROBRAS,PETROLEO BRASILEIRO S.A. PETROBRAS
PFRM3,Comércio e Distribuição,PROFARMA,PROFARMA DISTRIB PROD FARMACEUTICOS S.A.
PGMN3,Comércio e Distribuição,PAGUE MENOS,EMPREENDIMENTOS PAGUE MENOS S.A.
PINE3,Intermediários Financeiros,PINE,BCO PINE S.A.
PINE4,Intermediários Financeiros,PINE,BCO PINE S.A.
PLPL3,Construção Civil,PLANOEPLANO,PLANO & PLANO DESENVOLVIMENTO IMOBILIÁRIO S.A.
PMAM3,Siderurgia e Metalurgia,PARANAPANEMA,PARANAPANEMA S.A.
PNVL3,Comércio e Distribuição,DIMED,DIMED S.A. DISTRIBUIDORA DE MEDICAMENTOS
POMO3,Material de Transporte,MARCOPOLO,MARCOPOLO S.A.
POMO4,Material de Transporte,MARCOPOLO,MARCOPOLO S.A.
POSI3,Computadores e Equipamentos,POSITIVO TEC,POSITIVO TECNOLOGIA S.A.
PRIO3,"Petróleo, Gás e Biocombustíveis",PRIO,PRIO S.A.
PRNR3,Serviços Diversos,PRINER,PRINER SERVIÇOS INDUSTRIAIS S.A.
PSSA3,Previdência e Seguros,PORTO SEGURO,PORTO SEGURO S.A.
PTBL3,Construção e Engenharia,PORTOBELLO,PBG S/A
QUAL3,Serv.Méd.Hospit. Análises e Diagnósticos,QUALICORP,QUALICORP CONSULTORIA E CORRETORA DE SEGUROS S.A.
RADL3,Comércio e Distribuição,RAIADROGASIL,RAIA DROGASIL S.A.
RAIL3,Transporte,RUMO S.A.,RUMO S.A.
RAIZ4,"Petróleo, Gás e Biocombustíveis",RAIZEN,RAIZEN S.A.
RANI3,Madeira e Papel,IRANI,IRANI PAPEL E EMBALAGEM S.A.
RAPT3,Material de Transporte,RANDON PART,RANDONCORP S.A.
RAPT4,Material de Transporte,RANDON PART,RANDONCORP S.A.
RCSL3,Material de Transporte,RECRUSUL,RECRUSUL S.A.
RCSL4,Material de Transporte,RECRUSUL,RECRUSUL S.A.
RDOR3,Serv.Méd.Hospit. Análises e Diagnósticos,REDE D OR,REDE DOR SÃO LUIZ S.A.
RECV3,"Petróleo, Gás e Biocombustíveis",PETRORECSA,PETRORECÔNCAVO S.A.
RENT3,Diversos,LOCALIZA,LOCALIZA RENT A CAR S.A.
RIAA3,Comércio,RIACHUELO,GUARARAPES CONFECCOES S.A.
RNEW3,Energia Elétrica,RENOVA,RENOVA ENERGIA S.A.
RNEW4,Energia Elétrica,RENOVA,RENOVA ENERGIA S.A.
ROMI3,Máquinas e Equipamentos,ROMI,ROMI S.A.
RPAD5,Intermediários Financeiros,ALFA HOLDING,ALFA HOLDINGS S.A.
RPMG3,"Petróleo, Gás e Biocombustíveis",PET MANGUINH,REFINARIA DE PETROLEOS MANGUINHOS S.A.
RSUL4,Material de Transporte,RIOSULENSE,METALURGICA RIOSULENSE S.A.
RVEE3,Viagens e Lazer,REVEE,REVEE S.A.
SANB11,Intermediários Financeiros,SANTANDER BR,BCO SANTANDER (BRASIL) S.A.
SANB3,Intermediários Financeiros,SANTANDER BR,BCO SANTANDER (BRASIL) S.A.
SANB4,Intermediários Financeiros,SANTANDER BR,BCO SANTANDER (BRASIL) S.A.
SAPR11,Água e Saneamento,SANEPAR,CIA SANEAMENTO DO PARANA - SANEPAR
SAPR3,Água e Saneamento,SANEPAR,CIA SANEAMENTO DO PARANA - SANEPAR
SAPR4,Água e Saneamento,SANEPAR,CIA SANEAMENTO DO PARANA - SANEPAR
SAUD3,Serv.Méd.Hospit. Análises e Diagnósticos,BRADSAUDE,BRADSAUDE S.A.
SBFG3,Comércio,GRUPO SBF,GRUPO SBF SA
SBSP3,Água e Saneamento,SABESP,CIA SANEAMENTO BASICO EST SAO PAULO
SCAR3,Exploração de Imóveis,SAO CARLOS,SAO CARLOS EMPREEND E PARTICIPACOES S.A.
SEER3,Diversos,SER EDUCA,SER EDUCACIONAL S.A.
SEQL3,Serviços Diversos,SEQUOIA LOG,SEQUOIA LOGISTICA E TRANSPORTES S.A
SHOW3,Viagens e Lazer,Time For Fun,T4F Entretenimento S.A.
SHUL4,Máquinas e Equipamentos,SCHULZ,SCHULZ S.A.
SIMH3,Holdings Diversificadas,SIMPAR,SIMPAR S.A.
SLCE3,Agropecuária,SLC AGRICOLA,SLC AGRICOLA S.A.
SMFT3,Viagens e Lazer,SMART FIT,SMARTFIT ESCOLA DE GINÁSTICA E DANÇA S.A.
SMTO3,Alimentos Processados,SAO MARTINHO,SAO MARTINHO S.A.
SNSY5,Materiais Diversos,SANSUY,SANSUY S.A. INDUSTRIA DE PLASTICOS
SOJA3,Agropecuária,BOA SAFRA,BOA SAFRA SEMENTES S.A.
SOND6,Construção e Engenharia,SONDOTECNICA,SONDOTECNICA ENGENHARIA SOLOS S.A.
SUZB3,Madeira e Papel,SUZANO S.A.,SUZANO S.A.
SYNE3,Exploração de Imóveis,SYN PROP TEC,SYN PROP E TECH S.A.
TAEE11,Energia Elétrica,TAESA,TRANSMISSORA ALIANÇA DE ENERGIA ELÉTRICA S.A.
TAEE3,Energia Elétrica,TAESA,TRANSMISSORA ALIANÇA DE ENERGIA ELÉTRICA S.A.
TAEE4,Energia Elétrica,TAESA,TRANSMISSORA ALIANÇA DE ENERGIA ELÉTRICA S.A.
TASA3,Máquinas e Equipamentos,TAURUS ARMAS,TAURUS ARMAS S.A.
TASA4,Máquinas e Equipamentos,TAURUS ARMAS,TAURUS ARMAS S.A.
TCSA3,Construção Civil,TECNISA,TECNISA S.A.
TECN3,"Tecidos, Vestuário e Calçados",TECHNOS,TECHNOS S.A.
TELB3,Telecomunicações,TELEBRAS,TELEC BRASILEIRAS S.A. TELEBRAS
TELB4,Telecomunicações,TELEBRAS,TELEC BRASILEIRAS S.A. TELEBRAS
TEND3,Construção Civil,TENDA,CONSTRUTORA TENDA S.A.
TFCO4,"Tecidos, Vestuário e Calçados",TRACK FIELD,TRACK & FIELD CO S.A.
TGMA3,Transporte,TEGMA,TEGMA GESTAO LOGISTICA S.A.
TIMS3,Telecomunicações,TIM,TIM S.A.
TOKY3,Programas e Serviços,GRUPO TOKY,GRUPO TOKY S.A.
TOTS3,Programas e Serviços,TOTVS,TOTVS S.A.
TPIS3,Transporte,TRIUNFO PART,TPI - TRIUNFO PARTICIP. E INVEST. S.A.
TRAD3,Programas e Serviços,Economatica,
TRIS3,Construção Civil,TRISUL,TRISUL S.A.
TTEN3,Agropecuária,3TENTOS,TRÊS TENTOS AGROINDUSTRIAL S/A
TUPY3,Material de Transporte,TUPY,TUPY S.A.
UCAS3,Utilidades Domésticas,UNICASA,UNICASA INDÚSTRIA DE MÓVEIS S.A.
UGPA3,"Petróleo, Gás e Biocombustíveis",ULTRAPAR,ULTRAPAR PARTICIPACOES S.A.
UNIP3,Químicos,UNIPAR,UNIPAR CARBOCLORO S.A.
UNIP5,Químicos,UNIPAR,UNIPAR CARBOCLORO S.A.
UNIP6,Químicos,UNIPAR,UNIPAR CARBOCLORO S.A.
USIM3,Siderurgia e Metalurgia,USIMINAS,USINAS SID DE MINAS GERAIS S.A.-USIMINAS
USIM5,Siderurgia e Metalurgia,USIMINAS,USINAS SID DE MINAS GERAIS S.A.-USIMINAS
VALE3,Mineração,VALE,VALE S.A.
VAMO3,Diversos,VAMOS,"VAMOS LOCAÇÃO DE CAMINHÕES, MÁQUINAS E EQUIP. S.A."
VBBR3,"Petróleo, Gás e Biocombustíveis",VIBRA,VIBRA ENERGIA S.A.
VITT3,Químicos,VITTIA,VITTIA S.A.
VIVA3,"Tecidos, Vestuário e Calçados",VIVARA S.A.,VIVARA PARTICIPAÇOES S.A
VIVR3,Construção Civil,VIVER,VIVER INCORPORADORA E CONSTRUTORA S.A.
VIVT3,Telecomunicações,TELEF BRASIL,TELEFÔNICA BRASIL S.A
VLID3,Serviços Diversos,VALID,VALID SOLUÇÕES S.A.
VSTE3,Comércio,VESTE,VESTE S.A. ESTILO
VTRU3,Diversos,VITRUEDUCA,VITRU EDUCAÇÃO S.A
VULC3,"Tecidos, Vestuário e Calçados",VULCABRAS,VULCABRAS S.A.
VVEO3,Comércio e Distribuição,VIVEO,CM HOSPITALAR S.A.
WDCN3,Programas e Serviços,WDC NETWORKS,LIVETECH DA BAHIA INDUSTRIA E COMERCIO S/A
WEGE3,Máquinas e Equipamentos,WEG,WEG S.A.
WEST3,Programas e Serviços,WESTWING,WESTWING COMERCIO VAREJISTA S.A.
WHRL3,Utilidades Domésticas,WHIRLPOOL,WHIRLPOOL S.A.
WHRL4,Utilidades Domésticas,WHIRLPOOL,WHIRLPOOL S.A.
WIZC3,Previdência e Seguros,WIZ CO,WIZ CO PARTICIPAÇÕES E CORRETAGEM DE SEGUROS S.A.
WLMM4,Comércio,WLM IND COM,WLM PART. E COMÉRCIO DE MÁQUINAS E VEÍCULOS S.A.
YDUQ3,Diversos,YDUQS PART,YDUQS PARTICIPACOES S.A.
